{"cameraMode":{"drawMode":0,"name":"Shaded","section":"Shading Mode"},"sceneLighting":false,"audioPlay":false,"sceneViewState":{"m_AlwaysRefresh":false,"showFog":true,"showSkybox":false,"showFlares":true,"showImageEffects":true,"showParticleSystems":true,"showVisualEffectGraphs":true,"m_FxEnabled":true},"in2DMode":false,"pivot":{"x":0.21005570888519288,"y":-0.08223724365234375,"z":0.20930854976177216},"rotation":{"x":-0.2214261144399643,"y":0.709857165813446,"z":-0.2541481852531433,"w":-0.6184571981430054},"size":1.3072807788848878,"orthographic":false}